title,link,summary,published
Ways To Securely Acquisition A Vintage Car And Prevent Common Customer Errors,https://oilchangeplacesnearme10864.dbblog.net/15724010/ways-to-securely-acquisition-a-vintage-car-and-prevent-common-customer-errors,"...for a financial institution transfer or escrow solution, which includes a layer of defense.Lastly, ensure you have actually got a receipt that includes all agreed terms. This develops a clear document of the purchase and safeguards you from future...","Tue, 28 Jul 2026 03:44:05 GMT"
"Diana Shipping vs Genco Shipping: Tender Offer Expires, Merger Talks Stall",https://www.indexbox.io/blog/diana-shipping-allows-genco-tender-offer-to-expire-as-merger-dispute-continues/,"Diana remains Genco's largest shareholder, sitting just below the 15 percent threshold that would trigger Genco's poison pill defense. Diana has been unsuccessful in its efforts to force a deal, having failed to unseat directors to place its...","Tue, 28 Jul 2026 02:05:50 GMT"
"Following the merger, Trung Son commune, a mountainous area, has experienced rapid...",https://www.vietnam.vn/en/sau-sap-nhap-xa-vung-cao-trung-son-but-toc-phat-trien-giu-vung-muc-tieu-kep,"...has maintained stable national defense and security.Military and police forces regularly monitor the area, proactively ... environment, and continuing to maintain national defense and security.The results achieved in the first half of the year...","Tue, 28 Jul 2026 02:00:18 GMT"
House NDAA 2026: Major Acquisition Workforce Reforms Explained (2026),https://apallround.com/article/house-ndaa-2026-major-acquisition-workforce-reforms-explained,"The Defense Department's Acquisition Overhaul: A Workforce Revolution?The House NDAA, or the fiscal 2026 defense policy bill, has sparked a much-needed conversation about the Defense Department's acquisition workforce. While the...","Tue, 28 Jul 2026 01:32:27 GMT"
"...tangible, intangible changes with acquisition...",https://www.usafe.af.mil/News/Article-Display/Article/4556892/under-secretary-lohmeier-addresses-life-cycle-industry-days-discusses-tangible/,"...civilians and defense industry partners, Lohmeier mentioned famous words once uttered by former Secretary of Defense Donald ... procurement methods aimed at shifting the defense industrial base to a ""wartime footing."" Drawing parallels to President...","Mon, 27 Jul 2026 23:45:44 GMT"
Acquisition Cards Market in the United States | Report,https://www.indexbox.io/store/united-states-acquisition-cards-market-analysis-forecast-size-trends-and-insights/,"...high-complexity products such as custom boards for defense, aerospace, and scientific research applications, where security ... domestically assembled custom boards to allied defense and aerospace partners. The trade balance is structurally negative...","Mon, 27 Jul 2026 23:40:55 GMT"
...Evaluates Boeing P-8 Poseidon Acquisition to Counter Turkish Submarine...,https://thearmamentchronicle.blogspot.com/2026/07/israel-evaluates-boeing-p-8-poseidon.html,"...Ministry of Defense. To make the procurement financially viable, discussions suggest that the acquisition could potentially be integrated into a broader U.S.-Israel defense cooperation framework or structured through long-term Foreign Military Sales...","Mon, 27 Jul 2026 23:25:10 GMT"
Under Sec. Lohmeier Talks Acquisition Changes at LCID,https://www.miragenews.com/under-sec-lohmeier-talks-acquisition-changes-at-1717113/,"...civilians and defense industry partners, Lohmeier mentioned famous words once uttered by former Secretary of Defense Donald ... procurement methods aimed at shifting the defense industrial base to a ""wartime footing."" Drawing parallels to President...","Mon, 27 Jul 2026 22:58:23 GMT"
House NDAA proposes major acquisition workforce reforms,https://federalnewsnetwork.com/congress/2026/07/house-ndaa-proposes-major-acquisition-workforce-reforms/,...workforce data from across the military services and defense agencies. The system would track the acquisition workforce ... under the Defense Acquisition Workforce Development Account.The measure would require each military service to designate...,"Mon, 27 Jul 2026 22:44:18 GMT"
...Norfolk Southern Affirm Strength of Merger Application and Offer Unprecedented New Customer...,https://lifestyle.luxedb.com/story/762081/union-pacific-and-norfolk-southern-affirm-strength-of-merger-application-and-offer-unprecedented-new-customer-assurances/,"...instituted against Union Pacific or Norfolk Southern and result in significant costs of defense, indemnification or liability; the possibility that the Transaction does not close when expected or at all because required Surface Transportation Board...","Mon, 27 Jul 2026 21:43:15 GMT"
...and Intangible Changes with Acquisition...,https://www.aflcmc.af.mil/NEWS/Article/4556748/air-force-under-secretary-addresses-life-cycle-industry-days-discusses-tangible/,"...civilians and defense industry partners, Lohmeier mentioned famous words once uttered by former Defense Secretary Donald ... procurement methods aimed at shifting the defense industrial base to a ""wartime footing."" Drawing parallels to President...","Mon, 27 Jul 2026 20:56:49 GMT"
"Merger Mania: DFNS, ANY, PRSO, MOBX, VIVK, Drive Momentum Across High-Growth Sectors",https://lifestyle.ideawins.com/story/786137/merger-mania-dfns-any-prso-mobx-vivk-drive-momentum-across-high-growth-sectors/,"...interest across electric vehicles, military defense technology, autonomous systems, AI infrastructure, high-performance ... highlights T3 Defenses ability to apply its Design for Manufacturing (DFM) methodology across both defense and commercial...","Mon, 27 Jul 2026 20:50:41 GMT"
New Jersey American Water Completes Acquisition of Gordons Corner Water Company,https://www.miningstockeducation.com/2026/07/new-jersey-american-water-completes-acquisition-of-gordons-corner-water-company/,"...approximately 14 million people with regulated operations in 14 states and on 18 military installations. American Waters approximately 7,000 talented professionals leverage their significant expertise and the companys national size and scale to...","Mon, 27 Jul 2026 20:48:12 GMT"
